{
  "books": [
    {
      "title": "The Memory Police",
      "author": "Yoko Ogawa",
      "image": "https://i.gr-assets.com/images/S/compressed.photo.goodreads.com/books/1544335119l/37004370.jpg",
      "price": 14.72,
      "currency": "$",
      "category": "Science Fiction > Dystopian",
      "isbn13": 9781101911815,
      "description": "On an unnamed island, objects are disappearing: first hats, then ribbons, birds, roses..."
    },

    {
      "title": "Rhinoceros and Other Plays",
      "author": "Eugène Ionesco",
      "image": "https://i.gr-assets.com/images/S/compressed.photo.goodreads.com/books/1347454436l/323823.jpg",
      "price": 16.00,
      "currency": "$",
      "category": "Plays > Theatre",
      "publisher": "Grove Press",
      "isbn13": 9780802130983,
      "description": "A rhinoceros suddenly appears in a small town, tramping through its peaceful streets."
    },

    {
      "title": "Memento Mori",
      "author": "Muriel Spark",
      "image": "https://i.gr-assets.com/images/S/compressed.photo.goodreads.com/books/1348186701l/120158.jpg",
      "price": 15.90,
      "currency": "$",
      "category": "Novels",
      "isbn13": 9780811223041,
      "publisher": "New Directions Publishing Corporation",
      "description": "In late 1950s London, something uncanny besets a group of elderly friends."
    },

    {
      "title": "Atlas of AI",
      "author": "Kate Crawford",
      "image": "https://i.gr-assets.com/images/S/compressed.photo.goodreads.com/books/1603542518l/50131136._SX318_.jpg",
      "price": 25.76,
      "currency": "$",
      "category": "Nonfiction > Technology",
      "publisher": "Yale University Press",
      "isbn13": 9780300209570,
      "description": "The hidden costs of artificial intelligence--from natural resources and labor to privacy, equality, and freedom"
    }
  ]
}